Trang hàng đầu,Lượt nhấp,Lượt hiển thị,CTR,Vị trí
https://www.compressimg.pro/compress-image-for-linkedin,2,67,2.99%,9.52
https://www.compressimg.pro/compress-image-for-youtube/,2,56,3.57%,12.73
https://compressimg.pro/,2,9,22.22%,6.22
https://compressimg.pro/blog/why-photos-look-blurry-social-media/,1,74,1.35%,9.01
https://compressimg.pro/compress-image-for-teams/,0,137,0%,8.19
https://compressimg.pro/compress-image-for-slack/,0,123,0%,9.28
https://www.compressimg.pro/compress-image-to-100kb,0,80,0%,67.76
https://compressimg.pro/compress-jpg-online/,0,30,0%,80.4
https://compressimg.pro/compress-gif-online,0,25,0%,78.04
https://compressimg.pro/compress-image-for-discord/,0,20,0%,43.25
https://compressimg.pro/png-to-jpg/,0,20,0%,141.95
https://compressimg.pro/compress-image-to-5mb/,0,18,0%,59.17
https://compressimg.pro/blog/what-is-webp-format/,0,18,0%,81.06
https://compressimg.pro/compress-gif-online/,0,18,0%,86.56
https://compressimg.pro/jpg-to-webp/,0,18,0%,120.94
https://compressimg.pro/compress-image-for-twitter/,0,15,0%,11.87
https://compressimg.pro/blog/compress-images-without-losing-quality/,0,15,0%,23.07
https://compressimg.pro/compress-image-for-instagram/,0,14,0%,33
https://compressimg.pro/compress-image-to-10mb/,0,14,0%,47.21
https://compressimg.pro/compress-image-to-2mb/,0,11,0%,68.91
https://compressimg.pro/blog/what-is-heic-format/,0,10,0%,79.4
https://compressimg.pro/png-to-webp/,0,10,0%,95.8
https://compressimg.pro/avif-to-jpg/,0,10,0%,124.2
https://compressimg.pro/thumbnail-compressor/,0,9,0%,28.33
https://compressimg.pro/compress-image-to-3mb/,0,8,0%,23.12
https://compressimg.pro/compress-image-to-4mb/,0,8,0%,36.5
https://compressimg.pro/compress-image-for-pinterest/,0,7,0%,11
https://compressimg.pro/compress-image-to-1mb/,0,7,0%,58.43
https://www.compressimg.pro/compress-image-to-300kb/,0,7,0%,58.57
https://www.compressimg.pro/,0,5,0%,8.6
http://compressimg.pro/,0,4,0%,8.75
https://compressimg.pro/compress-image-for-tiktok/,0,4,0%,9.25
https://compressimg.pro/privacy-policy/,0,4,0%,11.75
https://compressimg.pro/webp-to-jpg/,0,3,0%,6.67
https://compressimg.pro/heic-to-jpg/,0,3,0%,8.33
https://compressimg.pro/compress-image-to-100kb/,0,3,0%,14.33
https://compressimg.pro/webp-converter/,0,3,0%,63.33
https://compressimg.pro/compress-image-to-300kb/,0,3,0%,78.33
https://compressimg.pro/bmp-to-jpg/,0,3,0%,82.33
https://compressimg.pro/about/,0,2,0%,1
https://compressimg.pro/heic-to-png/,0,2,0%,7
https://compressimg.pro/blog/how-to-compress-images-for-wordpress/,0,2,0%,7.5
https://compressimg.pro/compress-image-for-linkedin/,0,2,0%,8
https://compressimg.pro/compress-image-to-50kb/,0,2,0%,51.5
https://compressimg.pro/compress-images/,0,2,0%,77.5
https://compressimg.pro/blog,0,1,0%,1
https://www.compressimg.pro/compress-png-online/,0,1,0%,1
https://compressimg.pro/compress-image-for-whatsapp/,0,1,0%,7
https://compressimg.pro/reduce-image-size/,0,1,0%,8
https://compressimg.pro/terms/,0,1,0%,8
https://compressimg.pro/tiff-to-jpg/,0,1,0%,8
https://compressimg.pro/webp-to-png/,0,1,0%,8
https://compressimg.pro/blog/how-to-compress-images-for-web/,0,1,0%,9
https://compressimg.pro/jpg-to-png/,0,1,0%,12
https://compressimg.pro/compress-image-to-500kb/,0,1,0%,19
https://compressimg.pro/blog/how-to-reduce-image-file-size/,0,1,0%,43
https://compressimg.pro/convert-image/,0,1,0%,50
https://compressimg.pro/compress-image-for-youtube/,0,1,0%,79
https://compressimg.pro/gif-to-jpg/,0,1,0%,89
https://compressimg.pro/png-compressor/,0,1,0%,96